{
    "sticker": {},
    "database": {},
    "game": { 
      "tebaklagu": [],
      "family100": [],
      "math": [],
      "tebakgambar": [],
      "tebakkata": [],
      "lontong": [],
      "lontong_desk": [],
      "kalimat": [],
      "lirik": [],
      "tebakan": []
    },
    "others": {
      "vote": []
    },
    "users": {
      "6281365814200@s.whatsapp.net": {
        "afkTime": -1,
        "afkReason": "",
        "limit": 100
      },
      "6283127014833@s.whatsapp.net": {
        "afkTime": -1,
        "afkReason": "",
        "limit": 100
      },
      "6285741857458@s.whatsapp.net": {
        "afkTime": -1,
        "afkReason": "",
        "limit": 100
      },
      "6289501060783@s.whatsapp.net": {
        "afkTime": -1,
        "afkReason": "",
        "limit": 100
      },
      "6285741857464@s.whatsapp.net": {
        "afkTime": -1,
        "afkReason": "",
        "limit": 100
      },
      "62857815632831@s.whatsapp.net": {
        "afkTime": -1,
        "afkReason": "",
        "limit": 100
      },
      "628998067856@s.whatsapp.net": {
        "afkTime": -1,
        "afkReason": "",
        "limit": 100
      },
      "6282198571732@s.whatsapp.net": {
        "afkTime": -1,
        "afkReason": "",
        "limit": 100
      },
      "6285693352917@s.whatsapp.net": {
        "afkTime": -1,
        "afkReason": "",
        "limit": 100
      },
      "6285891528650@s.whatsapp.net": {
        "afkTime": -1,
        "afkReason": "",
        "limit": 100
      },
      "6282351045388@s.whatsapp.net": {
        "afkTime": -1,
        "afkReason": "",
        "limit": 100
      },
      "6285870756663@s.whatsapp.net": {
        "afkTime": -1,
        "afkReason": "",
        "limit": 100
      },
      "6285377193100@s.whatsapp.net": {
        "afkTime": -1,
        "afkReason": "",
        "limit": 100
      },
      "6288238953940@s.whatsapp.net": {
        "afkTime": -1,
        "afkReason": "",
        "limit": 100
      },
      "6285778615851@s.whatsapp.net": {
        "afkTime": -1,
        "afkReason": "",
        "limit": 100
      },
      "62895326097674@s.whatsapp.net": {
        "afkTime": -1,
        "afkReason": "",
        "limit": 100
      },
      "6282288190016@s.whatsapp.net": {
        "afkTime": -1,
        "afkReason": "",
        "limit": 100
      },
      "6285848300025@s.whatsapp.net": {
        "afkTime": -1,
        "afkReason": "",
        "limit": 100
      },
      "6283110928302@s.whatsapp.net": {
        "afkTime": -1,
        "afkReason": "",
        "limit": 100
      },
      "6285226629295@s.whatsapp.net": {
        "afkTime": -1,
        "afkReason": "",
        "limit": 100
      },
      "6285831325140@s.whatsapp.net": {
        "afkTime": -1,
        "afkReason": "",
        "limit": 100
      },
      "6282142961010@s.whatsapp.net": {
        "afkTime": -1,
        "afkReason": "",
        "limit": 100
      },
      "6281212083401@s.whatsapp.net": {
        "afkTime": -1,
        "afkReason": "",
        "limit": 100
      },
      "6289653381067@s.whatsapp.net": {
        "afkTime": -1,
        "afkReason": "",
        "limit": 100
      },
      "994408621598@s.whatsapp.net": {
        "afkTime": -1,
        "afkReason": "",
        "limit": 100
      },
      "212774421209@s.whatsapp.net": {
        "afkTime": -1,
        "afkReason": "",
        "limit": 100
      },
      "6287772228391@s.whatsapp.net": {
        "afkTime": -1,
        "afkReason": "",
        "limit": 100
      },
      "6285803050751@s.whatsapp.net": {
        "afkTime": -1,
        "afkReason": "",
        "limit": 100
      },
      "6282172010674@s.whatsapp.net": {
        "afkTime": -1,
        "afkReason": "",
        "limit": 100
      },
      "6285607858648@s.whatsapp.net": {
        "afkTime": -1,
        "afkReason": "",
        "limit": 100
      },
      "628885960825@s.whatsapp.net": {
        "afkTime": -1,
        "afkReason": "",
        "limit": 100
      },
      "62895321521245@s.whatsapp.net": {
        "afkTime": -1,
        "afkReason": "",
        "limit": 100
      },
      "6283154736816@s.whatsapp.net": {
        "afkTime": -1,
        "afkReason": "",
        "limit": 100
      },
      "6283829003070@s.whatsapp.net": {
        "afkTime": -1,
        "afkReason": "",
        "limit": 100
      },
      "6285954993954@s.whatsapp.net": {
        "afkTime": -1,
        "afkReason": "",
        "limit": 100
      },
      "6281255268810@s.whatsapp.net": {
        "afkTime": -1,
        "afkReason": "",
        "limit": 100
      },
      "6282199535392@s.whatsapp.net": {
        "afkTime": -1,
        "afkReason": "",
        "limit": 100
      },
      "6281269677942@s.whatsapp.net": {
        "afkTime": -1,
        "afkReason": "",
        "limit": 100
      },
      "6285777451314@s.whatsapp.net": {
        "afkTime": -1,
        "afkReason": "",
        "limit": 100
      },
      "62882017009764@s.whatsapp.net": {
        "afkTime": -1,
        "afkReason": "",
        "limit": 100
      },
      "62895345157755@s.whatsapp.net": {
        "afkTime": -1,
        "afkReason": "",
        "limit": 100
      },
      "6285640068416@s.whatsapp.net": {
        "afkTime": -1,
        "afkReason": "",
        "limit": 100
      },
      "628979530736@s.whatsapp.net": {
        "afkTime": -1,
        "afkReason": "",
        "limit": 100
      },
      "62882015982050@s.whatsapp.net": {
        "afkTime": -1,
        "afkReason": "",
        "limit": 100
      },
      "6281545835104@s.whatsapp.net": {
        "afkTime": -1,
        "afkReason": "",
        "limit": 100
      },
      "6281252489631@s.whatsapp.net": {
        "afkTime": -1,
        "afkReason": "",
        "limit": 100
      },
      "51903476362@s.whatsapp.net": {
        "afkTime": -1,
        "afkReason": "",
        "limit": 100
      },
      "6287708357324@s.whatsapp.net": {
        "afkTime": -1,
        "afkReason": "",
        "limit": 100
      },
      "6281317790596@s.whatsapp.net": {
        "afkTime": -1,
        "afkReason": "",
        "limit": 100
      },
      "6281572368626@s.whatsapp.net": {
        "afkTime": -1,
        "afkReason": "",
        "limit": 100
      },
      "6283850394078@s.whatsapp.net": {
        "afkTime": -1,
        "afkReason": "",
        "limit": 100
      },
      "16084013060@s.whatsapp.net": {
        "afkTime": -1,
        "afkReason": "",
        "limit": 100
      },
      "6281519665177@s.whatsapp.net": {
        "afkTime": -1,
        "afkReason": "",
        "limit": 100
      },
      "62895321787910@s.whatsapp.net": {
        "afkTime": -1,
        "afkReason": "",
        "limit": 100
      },
      "6287704764819@s.whatsapp.net": {
        "afkTime": -1,
        "afkReason": "",
        "limit": 100
      },
      "919402104403@s.whatsapp.net": {
        "afkTime": -1,
        "afkReason": "",
        "limit": 100
      },
      "916909137213@s.whatsapp.net": {
        "afkTime": -1,
        "afkReason": "",
        "limit": 100
      },
      "918116781147@s.whatsapp.net": {
        "afkTime": -1,
        "afkReason": "",
        "limit": 100
      },
      "919048399670@s.whatsapp.net": {
        "afkTime": -1,
        "afkReason": "",
        "limit": 100
      },
      "918275589600@s.whatsapp.net": {
        "afkTime": -1,
        "afkReason": "",
        "limit": 100
      },
      "6283839980451@s.whatsapp.net": {
        "afkTime": -1,
        "afkReason": "",
        "limit": 100
      },
      "6285822396085@s.whatsapp.net": {
        "afkTime": -1,
        "afkReason": "",
        "limit": 100
      },
      "19736361768@s.whatsapp.net": {
        "afkTime": -1,
        "afkReason": "",
        "limit": 100
      },
      "918240890871@s.whatsapp.net": {
        "afkTime": -1,
        "afkReason": "",
        "limit": 100
      },
      "917606966383@s.whatsapp.net": {
        "afkTime": -1,
        "afkReason": "",
        "limit": 100
      },
      "919967246285@s.whatsapp.net": {
        "afkTime": -1,
        "afkReason": "",
        "limit": 100
      },
      "923027089670@s.whatsapp.net": {
        "afkTime": -1,
        "afkReason": "",
        "limit": 100
      },
      "917085563840@s.whatsapp.net": {
        "afkTime": -1,
        "afkReason": "",
        "limit": 100
      },
      "916281816271@s.whatsapp.net": {
        "afkTime": -1,
        "afkReason": "",
        "limit": 100
      },
      "917439455733@s.whatsapp.net": {
        "afkTime": -1,
        "afkReason": "",
        "limit": 100
      },
      "244922465993@s.whatsapp.net": {
        "afkTime": -1,
        "afkReason": "",
        "limit": 100
      },
      "917604016334@s.whatsapp.net": {
        "afkTime": -1,
        "afkReason": "",
        "limit": 100
      },
      "917219339553@s.whatsapp.net": {
        "afkTime": -1,
        "afkReason": "",
        "limit": 100
      },
      "6281263733543@s.whatsapp.net": {
        "afkTime": -1,
        "afkReason": "",
        "limit": 100
      },
      "917872232347@s.whatsapp.net": {
        "afkTime": -1,
        "afkReason": "",
        "limit": 100
      },
      "917778069605@s.whatsapp.net": {
        "afkTime": -1,
        "afkReason": "",
        "limit": 100
      },
      "923219207659@s.whatsapp.net": {
        "afkTime": -1,
        "afkReason": "",
        "limit": 100
      },
      "17058062269@s.whatsapp.net": {
        "afkTime": -1,
        "afkReason": "",
        "limit": 100
      },
      "923410609118@s.whatsapp.net": {
        "afkTime": -1,
        "afkReason": "",
        "limit": 100
      },
      "261341980966@s.whatsapp.net": {
        "afkTime": -1,
        "afkReason": "",
        "limit": 100
      },
      "4917646161282@s.whatsapp.net": {
        "afkTime": -1,
        "afkReason": "",
        "limit": 100
      },
      "994408204050@s.whatsapp.net": {
        "afkTime": -1,
        "afkReason": "",
        "limit": 100
      },
      "18722422694@s.whatsapp.net": {
        "afkTime": -1,
        "afkReason": "",
        "limit": 100
      },
      "94701132306@s.whatsapp.net": {
        "afkTime": -1,
        "afkReason": "",
        "limit": 100
      },
      "923017705358@s.whatsapp.net": {
        "afkTime": -1,
        "afkReason": "",
        "limit": 100
      },
      "923144818148@s.whatsapp.net": {
        "afkTime": -1,
        "afkReason": "",
        "limit": 100
      },
      "923053741087@s.whatsapp.net": {
        "afkTime": -1,
        "afkReason": "",
        "limit": 100
      },
      "6282114746258@s.whatsapp.net": {
        "afkTime": -1,
        "afkReason": "",
        "limit": 100
      },
      "6283162818323@s.whatsapp.net": {
        "afkTime": -1,
        "afkReason": "",
        "limit": 100
      },
      "6281237965166@s.whatsapp.net": {
        "afkTime": -1,
        "afkReason": "",
        "limit": 100
      },
      "12497018123@s.whatsapp.net": {
        "afkTime": -1,
        "afkReason": "",
        "limit": 100
      },
      "3546329122@s.whatsapp.net": {
        "afkTime": -1,
        "afkReason": "",
        "limit": 100
      },
      "919609900020@s.whatsapp.net": {
        "afkTime": -1,
        "afkReason": "",
        "limit": 100
      }
    },
    "chats": {
      "120363024073006505@g.us": {
        "mute": false,
        "wame": true
      },
      "6283127014833@s.whatsapp.net": {
        "mute": false,
        "wame": false
      },
      "120363039525080361@g.us": {
        "mute": true,
        "wame": false
      },
      "6285693352917@s.whatsapp.net": {
        "mute": false
      },
      "120363022735092029@g.us": {
        "mute": false,
        "wame": false
      },
      "62895326097674-1627009257@g.us": {
        "mute": false
      },
      "212774421209@s.whatsapp.net": {
        "mute": false
      },
      "62882017009764@s.whatsapp.net": {
        "mute": false
      },
      "6281317790596@s.whatsapp.net": {
        "mute": false
      },
      "6281365814200@s.whatsapp.net": {
        "mute": false
      },
      "6287704764819@s.whatsapp.net": {
        "mute": false,
        "wame": false
      },
      "919402104403@s.whatsapp.net": {
        "mute": false,
        "wame": false
      },
      "916909137213-1632759248@g.us": {
        "mute": false,
        "wame": false
      },
      "120363021468707920@g.us": {
        "mute": false,
        "wame": false
      },
      "917085563840@s.whatsapp.net": {
        "mute": false,
        "wame": false
      },
      "917439455733@s.whatsapp.net": {
        "mute": false,
        "wame": false
      },
      "14256895031-1632639905@g.us": {
        "mute": false,
        "wame": false
      },
      "17058062269@s.whatsapp.net": {
        "mute": false,
        "wame": false
      },
      "916909137213@s.whatsapp.net": {
        "mute": false,
        "wame": false
      },
      "994408204050@s.whatsapp.net": {
        "mute": false,
        "wame": false
      },
      "120363038720618354@g.us": {
        "mute": false,
        "wame": false
      },
      "12497018123@s.whatsapp.net": {
        "mute": false,
        "wame": false
      }
    }
  }