{
    "_JSON_": true,
    "AUTHOR": "SamPandey001",
    "LANGUAGE": "English",
    "LANGCODE": "en",
    "STRINGS": {
    "updater": {
    "UPDATE": "Your bot is already on latest version Buddy",
    "NEW_UPDATE": "There is a new update available for the bot!\n\n*Changes:*\n",
    "UPDATED_LOCAL": "Fresh Updates Installed!"
    },
    "global": {
    "botName": " Pᴏᴡᴇʀᴇᴅ ʙʏ Bʟᴀᴄᴋ Aᴅᴀᴍ",
    
    "body": "SHAZAM!",
    "greet2" : "Hey Buddy",
    "pic1": "https://wallpapercave.com/wp/wp9459573.jpg",
    "pic2": "https://wallpapercave.com/wp/wp2858079.jpg",
    "pic3": "https://wallpapercave.com/dwp1x/wp8216191.jpg",
    "pic4": "https://wallpapercave.com/dwp1x/wp9622836.jpg",
    "pic5": "https://wallpaperaccess.com/full/1079504.jpg",
    "pic6": "https://greatloveart.com/wp-content/uploads/2022/05/Black-Adam-PC-Wallpaper.jpg",
    "pic7": "https://comicyears.com/wp-content/uploads/2022/05/GalleryChar_1900x900_blackadam_52ab963299f1c0.78977706.jpg",
    "gif1": "https://tenor.com/bMLiP.gif",
    "gif2": "https://tenor.com/bf0W3.gif",
    "gif3": "https://tenor.com/SH2r.gif",
    "gif4": "https://tenor.com/bhOLh.gif",
    "gif5": "https://tenor.com/bSOTj.gif",
    "gif6": "https://media.giphy.com/media/7vP6xnkkOrlGW4TmRR/giphy.gif",
    "gif7": "https://media.giphy.com/media/7vP6xnkkOrlGW4TmRR/giphy.gif",
    "greet" : "Pal",
    "dotbody" : "I have returned..",
    "promote": "A new worthy hero arrived",
    "pmallow": "Hii,This is Black Adam\n*My Shazam seems  busy right now.\nKindly Leave your Message.\n\n_I will inform him about your message asap......_",
    "pmblock": "❌ Blocked*\n\n You have been blocked for spamming.\n\n _ 𝐏𝐨𝐰𝐞𝐫𝐞𝐝 𝐛𝐲 𝐁𝐥𝐚𝐜𝐤 𝐀𝐝𝐚𝐦_",
    "pmwarn": "✋Hii* \nPlease don't spam else I'll block you for spamming. You have ${checkPermit.times} warning(s).\n\n * 𝐏𝐨𝐰𝐞𝐫𝐞𝐝 𝐛𝐲 𝐁𝐥𝐚𝐜𝐤 𝐀𝐝𝐚𝐦*",
    "permited": "Hii ${tname} Sir*\n\nNow You are permitted by my owner to pm now.\n\n 𝐏𝐨𝐰𝐞𝐫𝐞𝐝 𝐛𝐲 𝐁𝐥𝐚𝐜𝐤 𝐀𝐝𝐚𝐦",
    "revoked" : "Hii ${tname} Sir\n\nYour pm permit permission has been prevoked now.\n\n 𝐏𝐨𝐰𝐞𝐫𝐞𝐝 𝐛𝐲 𝐁𝐥𝐚𝐜𝐤 𝐀𝐝𝐚𝐦",
    "demote": "This is justice!",
    "antlink": "Link Detected.\n*Good Bye Worthless*",
    "session": "\n*This is your session.sam.json,keep it safe and store it properly*\n_Now Upload This json file in Your Forked Repo_\n Connect your repo to Heroku and Deploy Branch and Bot will run for Always\n\n*𝐏𝐨𝐰𝐞𝐫𝐞𝐝 𝐛𝐲 𝐁𝐥𝐚𝐜𝐤 𝐀𝐝𝐚𝐦*",
    "mention": " Please mention any user",
    "title": "𝐁𝐥𝐚𝐜𝐤 𝐀𝐝𝐚𝐦",
    "footer": "𝐁𝐥𝐚𝐜𝐤 𝐀𝐝𝐚𝐦",
    "by": "Made by: CitelVoid",
    "chat_desc": "Options Avilable* : 1. mute\n2. unmute\n3. archive\n4. unarchive\n5. read\n6. unread\n7. delete",
    "success": "Success ✓",
    "dot": "Hello Pal,I'm almost near about No One.\n Why don't you try -help",
    "couple_male": "I'm sorry i didn't understand for so long",
    "couple_female": "Put everything in your soulders",
    "admin": "𝑇ℎ𝑖𝑠 𝑐𝑜𝑚𝑚𝑎𝑛𝑑 𝑖𝑠 𝑜𝑛𝑙𝑦 𝑓𝑜𝑟 𝑔𝑟𝑜𝑢𝑝 𝐴𝑑𝑚𝑖𝑛⚠️!",
    "botAdmin": "𝑃𝑙𝑒𝑎𝑠𝑒 𝑃𝑟𝑜𝑣𝑖𝑑𝑒 𝑚𝑒 𝐴𝑑𝑚𝑖𝑛 𝑅𝑜𝑙𝑒 .❗",
    "owner": "𝐓𝐡𝐢𝐬 𝐂𝐨𝐦𝐦𝐚𝐧𝐝 𝐢𝐬 𝐨𝐧𝐥𝐲 𝐟𝐨𝐫 𝐌𝐲 𝐎𝐰𝐧𝐞𝐫 ⚠️",
    "group": "𝑻𝒉𝒊𝒔 𝑭𝒆𝒂𝒕𝒖𝒓𝒆 𝒊𝒔 𝑶𝒏𝒍𝒚 𝑭𝒐𝒓 𝑮𝒓𝒐𝒖𝒑𝒔❗",
    "private": "𝑻𝒉𝒊𝒔 𝒇𝒆𝒂𝒕𝒖𝒓𝒆 𝒊𝒏 𝒐𝒏𝒍𝒚 𝒇𝒐𝒓 𝒕𝒉𝒆 𝐌𝐲 𝐎𝐰𝐧𝐞𝐫 ⚠️",
    "bot": "𝑻𝒉𝒊𝒔 𝒇𝒆𝒂𝒕𝒖𝒓𝒆 𝒊𝒏 𝒐𝒏𝒍𝒚 𝒇𝒐𝒓 𝒕𝒉𝒆 𝒃𝒐𝒕 𝒏𝒖𝒎𝒃𝒆𝒓⚠️",
    "wait": "𝑷𝒓𝒐𝒄𝒆𝒔𝒔𝒊𝒏𝒈 𝒚𝒐𝒖𝒓 𝒓𝒆𝒒𝒖𝒆𝒔𝒕✅"
    },
    "error": {
    "text": "Task Terminated"
    }
    }
    }