{
    "__JSON__": true,
    "AUTHOR": "Valiant.v()",
    "theme": "Ayanokji-kiyotaka",
    "LANGUAGE": "English",
    "LANGCODE": "en",
    "STRINGS": {
        "updater": {
            "UPDATE": "*I don’t like expending more effort than I have to.\nYour bot is already up-to-date*",
            "NEW_UPDATE": "*There is a new update available for the bot!*\n\n*Changes:*\n",
            "UPDATED_LOCAL": "*Successfully Updated!*"
        },
        "global": {
            "botName": " 𝐏𝐨𝐰𝐞𝐫𝐞𝐝 𝐛𝐲 𝐀𝐲𝐚𝐧𝐨𝐤𝐨𝐣𝐢",
            "body": "𝑊ℎ𝑎𝑡𝑠𝑎𝑝𝑝 𝐵𝑜𝑡",
            "greet2" : "Hey Dude",
            "pic1": "https://wallpapercave.com/dwp1x/wp3666339.jpg",
            "pic2": "https://wallpapercave.com/dwp1x/wp6238975.jpg",
            "pic3": "https://wallpapercave.com/dwp1x/wp6238977.png",
            "pic4": "https://wallpapercave.com/dwp1x/wp6238997.jpg",
            "pic5": "https://wallpapercave.com/dwp1x/wp6239118.jpg",
            "pic6": "https://wallpapercave.com/dwp1x/wp3666385.jpg",
            "pic7": "https://wallpapercave.com/dwp1x/wp3666462.jpg",
             "greet" : "Dude",
           "dotbody" : "I'm Doing Hard Dude.",
            "promote": "Admin Role Given Dude",
            "pmallow": "*Hii,This is Ayanokoji Kiyotaka*\nMy Man is busy right now.\nKindly Leave your Message.\n\n_I will inform him about your message asap......_",
            "pmblock": "❌ Blocked*\n\n You have been blocked for spamming.\n\n _ 𝐏𝐨𝐰𝐞𝐫𝐞𝐝 𝐛𝐲 𝐀𝐲𝐚𝐧𝐨𝐤𝐨𝐣𝐢_",
            "pmwarn": "✋Hii* \nPlease don't spam else I'll block you for spamming. _You have ${checkPermit.times} warning(s)._\n\n * 𝐏𝐨𝐰𝐞𝐫𝐞𝐝 𝐛𝐲 𝐀𝐲𝐚𝐧𝐨𝐤𝐨𝐣𝐢*",
            "permited": "Hii ${tname} Sir*\n\nNow You are permitted by my owner to pm now.\n\n *𝐏𝐨𝐰𝐞𝐫𝐞𝐝 𝐛𝐲 𝐀𝐲𝐚𝐧𝐨𝐤𝐨𝐣𝐢*", 
            "revoked" : "*Hii ${tname} Sir*\n\nYour pm permit permission has been prevoked now.\n\n _ 𝐏𝐨𝐰𝐞𝐫𝐞𝐝 𝐛𝐲 𝐀𝐲𝐚𝐧𝐨𝐤𝐨𝐣𝐢_",
            "demote": "Uhh,Admin Role Taken back",
            "antlink": "Link Detected.\n*Good Bye Dude*",
            "session": "\n*This is your session.sam.json,keep it safe and store it properly*\n_Now Upload This json file in Your Forked Repo_\n Connect your repo to Heroku and *Deploy Branch* and Bot will run for Always\n\n*𝑷𝒐𝒘𝒆𝒓𝒆𝒅 𝒃𝒚 𝒁𝒆𝒓𝒐 𝑻𝒘𝒐*",
            "mention": " Please mention any user Darling",
            "title": "𝐀𝐲𝐚𝐧𝐨𝐤𝐨𝐣𝐢",
            "footer": "𝐀𝐲𝐚𝐧𝐨𝐤𝐨𝐣𝐢",
            "by": "Made by: *citelvoid*",
            "chat_desc": "Options Avilable* : 1. mute\n2. unmute\n3. archive\n4. unarchive\n5. read\n6. unread\n7. delete",
            "success": "Done ✓",
            "dot": "Hi, Did you mean *-help?*\n just.. don't bother me while I'm learning piano and calligarphy",
            "couple_male": "*I would'nt do those silly things\n I’ve never once thought of you as an ally. Not you. Not him. Not her.\n All people are nothing but tools.*",
            "couple_female": "*I would'nt do those silly things\n I’ve never once thought of you as an ally. Not you. Not him. Not her.\n All people are nothing but tools*",
            "admin": "𝑇ℎ𝑖𝑠 𝑐𝑜𝑚𝑚𝑎𝑛𝑑 𝑖𝑠 𝑜𝑛𝑙𝑦 𝑓𝑜𝑟 𝑔𝑟𝑜𝑢𝑝 𝐴𝑑𝑚𝑖𝑛⚠️!",
            "botAdmin": "𝑃𝑙𝑒𝑎𝑠𝑒 𝑃𝑟𝑜𝑣𝑖𝑑𝑒 𝑚𝑒 𝐴𝑑𝑚𝑖𝑛 𝑅𝑜𝑙𝑒 .❗",
            "owner": "𝐓𝐡𝐢𝐬 𝐂𝐨𝐦𝐦𝐚𝐧𝐝 𝐢𝐬 𝐨𝐧𝐥𝐲 𝐟𝐨𝐫 𝐌𝐲 MAN ⚠️",
            "group": "𝑻𝒉𝒊𝒔 𝑭𝒆𝒂𝒕𝒖𝒓𝒆 𝒊𝒔 𝑶𝒏𝒍𝒚 𝑭𝒐𝒓 𝑮𝒓𝒐𝒖𝒑𝒔❗",
            "private": "𝑻𝒉𝒊𝒔 𝒇𝒆𝒂𝒕𝒖𝒓𝒆 𝒊𝒏 𝒐𝒏𝒍𝒚 𝒇𝒐𝒓 𝒕𝒉𝒆 𝐌𝐲 MAN ⚠️",
            "bot": "𝑻𝒉𝒊𝒔 𝒇𝒆𝒂𝒕𝒖𝒓𝒆 𝒊𝒏 𝒐𝒏𝒍𝒚 𝒇𝒐𝒓 𝒕𝒉𝒆 𝒃𝒐𝒕 𝒏𝒖𝒎𝒃𝒆𝒓⚠️",
            "wait": "𝑷𝒓𝒐𝒄𝒆𝒔𝒔𝒊𝒏𝒈 𝒚𝒐𝒖𝒓 𝒓𝒆𝒒𝒖𝒆𝒔𝒕✅"
        },
        "error": {
            "text": "*You may come to regret trying to manipulate me.\nNow go get this Error fixed*"
        }
    }
  }