{
    "__JSON__": true,
    "AUTHOR": "CitelVoid",
    "Theme": "Friday",
    "LANGCODE": "en",
    "STRINGS": {
        "updater": {
            "UPDATE": "*Your bot is already on latest version Sir*",
            "NEW_UPDATE": "*There is a new update available for the bot!*\n\n*Changes:*\n",
            "UPDATED_LOCAL": "*Successfully Updated!*"
        },
        "global": {
            "botName": " 𝐏𝐨𝐰𝐞𝐫𝐞𝐝 𝐛𝐲 𝐅𝐫𝐢𝐝𝐚𝐲",
            "body": "As always Sir.",
          "greet2" : "Hello Sir",
            "pic1": "https://img-9gag-fun.9cache.com/photo/aer54jB_460s.jpg",
            "pic2": "https://upload.wikimedia.org/wikipedia/en/thumb/4/40/F.R.I.D.A.Y._%28Marvel_Comics%29.jpg/220px-F.R.I.D.A.Y._%28Marvel_Comics%29.jpg",
            "pic3": "https://encrypted-tbn0.gstatic.com/images?q=tbn:ANd9GcQzsKin3X6hrUWGOpEIPXq0ToMwf6ONIpSGvsOoRHsa5EcvbdGcgO1zM6hv-D8e5gqQLdo&usqp=CAU",
            "pic4": "https://img.indiefolio.com//filters:format(webp):fill(transparent)/project/thumb/6d9ac7b0d8a51de29dae9ec0c381fbc3.jpg",
            "pic5": "https://telegramchannels.me/storage/media-logo/2008/fridaysupportofficial.jpg",
            "pic6": "https://static.wikia.nocookie.net/marvelcinematicuniverse/images/b/bc/4k-capcivil-movie-screencaps.com-17122.jpg/revision/latest?cb=20210513001406",
            "pic7": "https://media.wired.co.uk/photos/606db957c99f3d4d31739e74/16:9/w_1360,h_765,c_limit/ed86af6ae5769fb3c72f82c959f0d422.png",
             "greet" : "Sir",
           "dotbody" : "Oh, hello sir..",
            "promote": "Admin Role Privileged",
            "pmallow": "*Hii,This is Fridayr*\n*An assistant of My Master.*\nMy Master is busy right now.\nKindly Leave your Message.\n\n_I will inform him about your message asap......_",
            "pmblock": "❌ Blocked*\n\n You have been blocked for spamming.\n\n _𝐏𝐨𝐰𝐞𝐫𝐞𝐝 𝐛𝐲 𝐅𝐫𝐢𝐝𝐚𝐲_",
            "pmwarn": "✋Hii* \nPlease don't spam else I'll block you for spamming. _You have ${checkPermit.times} warning(s)._\n\n * 𝐏𝐨𝐰𝐞𝐫𝐞𝐝 𝐛𝐲 𝐅𝐫𝐢𝐝𝐚𝐲*",
            "permited": "Hii ${tname}*\n\nNow You are permitted by my owner to pm now.\n\n *𝐏𝐨𝐰𝐞𝐫𝐞𝐝 𝐛𝐲 𝐅𝐫𝐢𝐝𝐚𝐲*", 
            "revoked" : "*Hii ${tname}*\n\nYour pm permit permission has been prevoked now.\n\n _ 𝐏𝐨𝐰𝐞𝐫𝐞𝐝 𝐛𝐲 𝐅𝐫𝐢𝐝𝐚𝐲_",
            "demote": "Uhh,Admin Role Taken back",
            "antlink": "Link Detected.\n*Good Bye Bro*",
            "session": "\n*This is your session.sam.json,keep it safe and store it properly*\n_Now Upload This json file in Your Forked Repo_\n Connect your repo to Heroku and *Deploy Branch* and Bot will run for Always\n\n*𝑷𝒐𝒘𝒆𝒓𝒆𝒅 𝒃𝒚 𝒁𝒆𝒓𝒐 𝑻𝒘𝒐*",
            "mention": " Please atleast mention any user bro.",
            "title": "𝐅𝐫𝐢𝐝𝐚𝐲",
            "footer": "𝐅𝐫𝐢𝐝𝐚𝐲",
            "by": "Made by: *CitelVoid*",
            "chat_desc": "Options Avilable* : 1. mute\n2. unmute\n3. archive\n4. unarchive\n5. read\n6. unread\n7. delete",
            "success": "Done ✓",
            "dot": "Hii Sir, Did you mean *-help?*",
            "couple_male": "*I dont want to die alone,I want a female yaar*",
            "couple_female": "*I dont want to die alone,I want a male yaar*",
            "admin": "𝑇ℎ𝑖𝑠 𝑐𝑜𝑚𝑚𝑎𝑛𝑑 𝑖𝑠 𝑜𝑛𝑙𝑦 𝑓𝑜𝑟 𝑔𝑟𝑜𝑢𝑝 𝐴𝑑𝑚𝑖𝑛⚠️!",
            "botAdmin": "𝑃𝑙𝑒𝑎𝑠𝑒 𝑃𝑟𝑜𝑣𝑖𝑑𝑒 𝑚𝑒 𝐴𝑑𝑚𝑖𝑛 𝑅𝑜𝑙𝑒 𝑆𝑖𝑟.❗",
            "owner": "𝐓𝐡𝐢𝐬 𝐂𝐨𝐦𝐦𝐚𝐧𝐝 𝐢𝐬 𝐨𝐧𝐥𝐲 𝐟𝐨𝐫 𝐌𝐲 𝐎𝐰𝐧𝐞𝐫 ⚠️",
            "group": "𝑻𝒉𝒊𝒔 𝑭𝒆𝒂𝒕𝒖𝒓𝒆 𝒊𝒔 𝑶𝒏𝒍𝒚 𝑭𝒐𝒓 𝑮𝒓𝒐𝒖𝒑𝒔❗",
            "private": "𝑻𝒉𝒊𝒔 𝒇𝒆𝒂𝒕𝒖𝒓𝒆 𝒊𝒏 𝒐𝒏𝒍𝒚 𝒇𝒐𝒓 𝒕𝒉𝒆 𝐌𝐲 𝐎𝐰𝐧𝐞𝐫 ⚠️",
            "bot": "𝑻𝒉𝒊𝒔 𝒇𝒆𝒂𝒕𝒖𝒓𝒆 𝒊𝒏 𝒐𝒏𝒍𝒚 𝒇𝒐𝒓 𝒕𝒉𝒆 𝒃𝒐𝒕 𝒏𝒖𝒎𝒃𝒆𝒓⚠️",
            "wait": "𝑷𝒓𝒐𝒄𝒆𝒔𝒔𝒊𝒏𝒈 𝒚𝒐𝒖𝒓 𝒓𝒆𝒒𝒖𝒆𝒔𝒕✅"
        },
        "error": {
            "text": "*Sir, there is a potentially fatal buildup*"
        }
    }
  }
  