{
    "__JSON__": true,
    "AUTHOR": "Valiant.v()",
    "theme": "Monkey-D-Luffy",
    "LANGUAGE": "English",
    "LANGCODE": "en",
    "STRINGS": {
        "updater": {
            "UPDATE": "*Believe it.\nYour bot is already up-to-date*",
            "NEW_UPDATE": "*it's time to update the bot!*\n\n*Changes:*\n",
            "UPDATED_LOCAL": "*Successfully Updated!*"
        },
        "global": {
            "botName": " 𝙿𝚘𝚠𝚎𝚛𝚎𝚍 𝚋𝚢 Luffy-𝚃𝚑𝚎𝚖𝚎",
            "body": "𝑊ℎ𝑎𝑡𝑠𝑎𝑝𝑝 𝐵𝑜𝑡",
            "greet2" : "pirate king",
            "pic1": "https://wallpapercave.com/dwp1x/wp10814836.jpg",
            "pic2": "https://wallpapercave.com/dwp1x/wp10814856.jpg",
            "pic3": "https://wallpapercave.com/dwp1x/wp2723360.jpg",
            "pic4": "https://wallpapercave.com/dwp1x/wp10814860.jpg",
            "pic5": "https://wallpapercave.com/dwp1x/wp10814832.jpg",
            "pic6": "https://wallpapercave.com/dwp1x/wp10334122.png",
            "pic7": "https://wallpapercave.com/dwp1x/wp10393659.png",
             "greet" : "Believe it",
           "dotbody" : "I decided being Pirate King.",
            "promote": "Admin Role Given to pirate",
            "pmallow": "*Hii,This is Monkey-D-Luffy\n You have been blocked for spamming.\n\n _ 𝚙𝚘𝚠𝚎𝚛𝚎𝚍 𝚋𝚢 Luffy-𝚝𝚑𝚎𝚖𝚎_",
            "pmwarn": "✋Hii* \nPlease don't spam else I'll block you for spamming. _You have ${checkPermit.times} warning(s)._\n\n * 𝙿𝚘𝚠𝚎𝚛𝚎𝚍 𝚋𝚢 Luffy-𝚃𝚑𝚎𝚖𝚎*",
            "permited": "Hii ${tname} Sir*\n\nNow You are permitted by my owner to pm now.\n\n *𝙿𝚘𝚠𝚎𝚛𝚎𝚍 𝚋𝚢 Luffy-𝚃𝚑𝚎𝚖𝚎*", 
            "revoked" : "*Hii ${tname} Sir*\n\nYour pm permit permission has been prevoked now.\n\n _ 𝙿𝚘𝚠𝚎𝚛𝚎𝚍 𝚋𝚢 Luffy-𝚃𝚑𝚎𝚖𝚎_",
            "demote": "Uhh,Admin Role Taken back",
            "antlink": "Link Detected.\n*Good Bye Rouge pirate*",
            "session": "\n*This is your session.sam.json,keep it safe and store it properly*\n_Now Upload This json file in Your Forked Repo_\n Connect your repo to Heroku and *Deploy Branch* and Bot will run for Always\n\n*𝙿𝚘𝚠𝚎𝚛𝚎𝚍 𝚋𝚢 Luffy-𝚃𝚑𝚎𝚖𝚎*",
            "mention": " Please mention any user pirate",
            "title": "ʟᴜғғʏ",
            "footer": "ʟᴜғғʏ",
            "by": "Made by: *citelvoid*",
            "chat_desc": "Options Avilable* : 1. mute\n2. unmute\n3. archive\n4. unarchive\n5. read\n6. unread\n7. delete",
            "success": "Done ✓",
            "dot": "Hi, Did you mean *-help?*\n just.. don't bother me while I'm eating ramen",
            "couple_male": "*I'm pretty sure I can't live without being helped!*",
            "couple_female": "*I'm pretty sure I can't live without being helped!*",
            "admin": "ᴛʜɪs ᴄᴏᴍᴍᴀɴᴅ ɪs ᴏɴʟʏ ғᴏʀ ɢʀᴏᴜᴘ ᴀᴅᴍɪɴ⚠️!",
            "botAdmin": "ᴘʟᴇᴀsᴇ ᴘʀᴏᴠɪᴅᴇ ᴍᴇ ᴀᴅᴍɪɴ ʀᴏʟᴇ.❗",
            "owner": "ᴛʜɪs ᴄᴏᴍᴍᴀɴᴅ ɪs ᴏɴʟʏ ғᴏʀ ᴘɪʀᴀᴛᴇ ᴋɪɴɢ ⚠️",
            "group": "ᴛʜɪs ғᴇᴀᴛᴜʀᴇ ɪs ᴏɴʟʏ ғᴏʀ ᴘɪʀᴀᴛᴇ ᴄʀᴇᴡ❗",
            "private": "ᴛʜɪs ғᴇᴀᴛᴜʀᴇ ɪs ᴏɴʟʏ ғᴏʀ ᴘɪʀᴀᴛᴇ ᴋɪɴɢ ⚠️",
            "bot": "ᴛʜɪs ᴄᴏᴍᴍᴀɴᴅ ɪs ᴏɴʟʏ ғᴏʀ ᴘɪʀᴀᴛᴇ ᴋɪɴɢ ⚠️",
            "wait": "ᴘʀᴏᴄᴇssɪɴɢ ʏᴏᴜʀ ʀᴇᴏ̨ᴜᴇsᴛ✅"
        },
        "error": {
            "text": "*You may come to regret trying to manipulate me.\nNow go get this Error fixed*"
        }
    }
  }